SN,Lat1,Long1,Lat2,Long2,
1,27.17123,78.03123,27.263546,78.198933,
2,27.9024,78.0968,27.35634,78.188605,
3,26.43,82.57,27.2901965,78.0555532,
4,26.55,79.55,27.3081223,78.0266738, 
5,26.54,81.83,27.037533,77.9711083,
6,28.01,79.11,26.938469,77.936817,
7,27.5833,81.58,27.0236117,77.9656618,
8,25.92,84.13,26.962348,78.010084,
9,25.8711,84.1281,26.966022,78.041299,
10,27.55,82.64,27.0948017,77.9093018,
11,28.3417,79.4175,27.1035067,77.8178384,
12,26.79,82.72,27.1508951,78.0078563,
13,28.39,77.83,27.0139756,78.1209941,
14,25.17,80.91,27.084017,78.163796,
15,26.48,83.77,27.030222,78.296218,
16,27.55,78.65,26.9752,78.230455,
17,26.7883,78.9994,27.050134,78.335045,
18,25.93,80.8,27.094141,77.668981,
19,28.6217,77.3533,27.085245,77.6627834,
20,28.6403,77.375,27.1761642,77.7538196,
21,26.1269,81.94,26.8865295,78.3777509,
22,26.77,83.43,26.8137483,78.5447451,
23,27.58,77.98,26.8286467,78.7025084,
24,25.72,82.68,26.8314683,78.7112951,
25,25.5339,78.5749,26.8910111,78.5027221,
26,25.43,78.57,27.1194267,78.0216718,
27,27.03,79.92,26.9549817,77.8199551,
28,26.3439,79.9675,26.9309791,77.6791742,
29,26.4167,80.3667,26.840759,77.4858675,
30,25.3333,81.2833,26.9534717,77.7399718,
31,26.8333,83.9333,27.071492,77.885872,
32,28.4,80.5833,27.1346123,78.0887083,
33,24.68,78.4,26.878712,78.291685,
34,26.9608,81.0044,27.2141643,78.1976855,
35,26.8667,80.9167,27.219998,77.65469,
36,26.7735,80.8832,27.173469,77.88073,
37,27.14,83.53,27.168442,77.906391,
38,25.17,79.51,27.2899687,78.0686525,
39,27.22,79.03,27.109782,78.1230687,
40,27.5,77.6667,27.1310317,77.6089434,
41,25.92,83.56,26.9437098,77.8268427,
42,29.02,77.75,27.0288646,78.3171175,
43,25.17,82.5833,27.232271,78.197587,
44,28.65,79.8,27.1698983,77.7825201,
45,25.5,82,27.2053087,77.9040275,
46,25.3963,81.8948,26.8692106,78.5875125,
47,25.4296,81.9104,27.1806834,77.9907869,
48,25.41,81.8333,27.2750133,78.1899768,
49,25.4593,81.8499,28.042835,77.578935,
50,26.2503,81.3769,28.0231458,77.7088771,
51,28.82,79.03,28.011417,77.746845,
52,26.78,83.1,27.836877,77.879648,
53,25.21,82.27,27.735293,77.858248,
54,27.7056,81.9072,27.6166146,77.8977833,
55,27.27,83.07,27.7014296,77.9347374,
56,26.25,82,28.073241,78.015079,
57,26.57,80.48,28.0820536,77.8506852,
58,25.2694,82.9905,28.131958,77.849413,
59,,,27.940799,78.476263,
60,,,27.924911,78.391527,
61,,,27.9701717,78.2891401,
62,,,28.075837,78.30236,
63,,,27.909098,78.413571,
64,,,27.840145,78.401266,
65,,,27.844064,78.395895,
66,,,27.719364,78.2231981,
67,,,27.853486,78.027426,
68,,,27.8689778,78.0366062,
69,,,27.9787569,78.3975239,
70,,,27.935205,78.159828,
71,,,27.865359,77.826991,
72,,,28.02807,78.211908,
73,,,28.0429697,78.2783158,
74,,,28.033404,78.116252,
75,,,27.701997,77.944675,
76,,,28.0542575,77.9516414,
77,,,27.776795,77.855273,
78,,,27.934457,77.863674,
79,,,27.8613503,78.2536193,
80,,,26.2988612,82.7112478,
81,,,26.3730817,82.7397984,
82,,,26.455357,82.766143,
83,,,26.4580983,82.7235468,
84,,,26.3339,83.046258,
85,,,26.400913,83.023991,
86,,,26.3878539,82.8243283,
87,,,26.5382768,82.6378843,
88,,,26.4468912,82.6022586,
89,,,26.4882592,82.4467574,
90,,,26.4899897,82.4965455,
91,,,26.3585274,82.4972335,
92,,,26.2546029,82.780441,
93,,,26.2376685,82.8253356,
94,,,26.4463987,82.901336,
95,,,26.4653902,82.3182965,
96,,,26.450323,82.320365,
97,,,26.605987,82.468245,
98,,,26.4460189,82.5574635,
99,,,26.2815105,82.6848645,
100,,,26.5645908,82.6315129,
101,,,26.4463916,82.90709,
102,,,26.3523128,83.0201645,
103,,,26.3101839,82.4871586,
104,,,26.4103616,82.357414,
105,,,26.3407066,81.4559927,
106,,,26.392645,81.4683334,
107,,,26.269931,81.522098,
108,,,26.2586336,81.3839198,
109,,,26.460014,81.6134808,
110,,,26.4554417,81.6260184,
111,,,26.5907741,81.5768886,
112,,,26.6071133,81.5734984,
113,,,26.386148,81.777037,
114,,,26.351899,81.801801,
115,,,26.1117222,81.7393658,
116,,,26.208466,81.73312,
117,,,26.3669452,81.6650584,
118,,,26.336752,81.659793,
119,,,26.195675,81.688932,
120,,,26.290868,81.79058,
121,,,26.2547233,81.7731368,
122,,,26.2107186,81.8725017,
123,,,26.193072,81.970961,
124,,,26.1163837,81.9454913,
125,,,26.082263,81.945687,
126,,,26.12991,81.853315,
127,,,26.0776225,81.8354324,
128,,,26.4853567,81.4432284,
129,,,26.479148,81.4732304,
130,,,26.21212,81.6767342,
131,,,26.1571563,81.8052596,
132,,,26.3760508,81.7954231,
133,,,26.3668752,81.473954,
134,,,28.903142,78.484928,
135,,,28.8361347,78.4711052,
136,,,28.9925137,78.3244247,
137,,,28.903142,78.484928,
138,,,28.530962,78.312579,
139,,,28.69976,78.381664,
140,,,28.965441,78.178891,
141,,,28.7918426,78.4481718,
142,,,28.7919567,78.4479909,
143,,,28.7389616,78.2467284,
144,,,29.0134452,78.2827975,
145,,,28.8711342,78.4659413,
146,,,28.7418909,78.2969036,
147,,,28.9856417,78.4137434,
148,,,26.699769,79.403172,
149,,,26.634227,79.383346,
150,,,26.576053,79.375991,
151,,,26.616091,79.363297,
152,,,26.5060503,79.4769068,
153,,,26.560803,79.427147,
154,,,26.5742909,79.4385763,
155,,,26.6108669,79.4936557,
156,,,26.758939,79.648935,
157,,,26.755113,79.537387,
158,,,26.8881967,79.4263124,
159,,,26.761395,79.600898,
160,,,26.781412,79.695646,
161,,,26.814111,79.389654,
162,,,26.5458044,79.5503565,
163,,,26.5643808,79.3128994,
164,,,26.809778,79.496248,
165,,,26.6628299,81.7778713,
166,,,26.5820492,81.8909872,
167,,,26.627808,81.94388,
168,,,26.745212,81.584822,
169,,,26.780624,81.754798,
170,,,26.7202185,81.8927393,
171,,,26.735495,81.991676,
172,,,26.600369,82.1320673,
173,,,26.733638,82.142867,
174,,,26.649993,82.134164,
175,,,26.5692159,81.9533554,
176,,,26.5547684,82.0182442,
177,,,26.5322439,82.135458,
178,,,26.760269,81.752013,
179,,,26.7946124,81.6128224,
180,,,26.589711,81.768807,
181,,,26.7820696,82.1716772,
182,,,26.6980468,82.2735183,
183,,,26.6463613,82.3276945,
184,,,26.4814136,82.2323622,
185,,,26.5505504,82.239543,
186,,,26.6061758,82.3785954,
187,,,26.771749,82.141216,
188,,,26.7554067,81.9827636,
189,,,26.5965427,82.1310381,
190,,,26.7952827,81.7446946,
191,,,26.777598,81.8051975,
192,,,26.6267917,81.9386436,
193,,,26.6815266,82.1948768,
194,,,26.1749997,82.7265624,
195,,,26.2938622,82.9644103,
196,,,26.2712813,83.003275,
197,,,26.2486877,82.7389944,
198,,,26.189946,82.892639,
199,,,26.207453,82.915231,
200,,,26.246458,82.967165,
201,,,26.3777486,82.9183506,
202,,,26.1275967,82.9934201,
203,,,26.0673534,82.9545005,
204,,,26.0241818,82.7560083,
205,,,25.99971,82.7921051,
206,,,25.9371984,82.8744733,
207,,,25.886138,82.952831,
208,,,25.9224436,82.976606,
209,,,26.0084247,82.9775841,
210,,,26.31074,83.1850418,
211,,,26.2285983,83.2157718,
212,,,26.1834669,83.3004288,
213,,,26.1542233,83.3661108,
214,,,26.1307935,83.1587923,
215,,,26.224526,83.380641,
216,,,26.2648519,83.3976333,
217,,,26.0809631,83.2866059,
218,,,26.0029862,83.1086552,
219,,,25.9392824,83.1325524,
220,,,25.8458693,83.0714996,
221,,,25.754599,83.1909635,
222,,,25.674699,83.126608,
223,,,25.75155,83.1341584,
224,,,25.77494,83.0266718,
225,,,25.8380134,83.0186869,
226,,,25.9003469,83.0160477,
227,,,26.1831309,82.7877577,
228,,,26.118527,83.08354,
229,,,26.0244691,83.0676053,
230,,,25.963843,82.837243,
231,,,25.7752567,82.824915,
232,,,25.8505547,83.2223248,
233,,,25.9391107,83.2655127,
234,,,25.97298,83.291282,
235,,,26.0839209,83.2701694,
236,,,26.052457,83.2019,
237,,,26.282058,83.278252,
238,,,26.18854,83.265541,
239,,,26.038585,83.150862,
240,,,25.7844587,83.087973,
241,,,26.0392263,83.0457727,
242,,,26.0899503,82.8590301,
243,,,25.9066661,82.804421,
244,,,25.8902264,83.089309,
245,,,26.3463112,82.9211815,
246,,,25.7973025,82.9936241,
247,,,26.1464627,83.3119466,
248,,,26.3404761,83.1203881,
249,,,26.0922867,83.1072318,
250,,,25.96375,83.262062,
251,,,29.093039,77.3968217,
252,,,29.1173393,77.3423382,
253,,,29.1066355,77.2617504,
254,,,29.2081535,77.1759328,
255,,,29.206209,77.211225,
256,,,28.8697111,77.2855953,
257,,,28.9105963,77.4181219,
258,,,28.9685259,77.4063547,
259,,,29.0226681,77.237602,
260,,,29.1392719,77.26292,
261,,,29.0611403,77.1849534,
262,,,28.8822522,77.2391093,
263,,,28.8735593,77.2507114,
264,,,28.946338,77.2111068,
265,,,29.0976981,77.2519831,
266,,,28.8433939,77.3399454,
267,,,28.9153654,77.3296773,
268,,,29.1973837,77.1483309,
269,,,27.551436,81.439007,
270,,,27.60095,81.356073,
271,,,27.4996426,81.3975274,
272,,,27.468964,81.543673,
273,,,27.4062421,81.5185756,
274,,,27.3121966,81.4759566,
275,,,27.0959733,81.4927343,
276,,,27.23141,81.652229,
277,,,27.369651,81.597969,
278,,,27.454336,81.68361,
279,,,27.365336,81.706337,
280,,,27.352891,81.735313,
281,,,27.3430813,81.8327702,
282,,,27.480084,81.83217,
283,,,27.4730537,81.7619,
284,,,27.5993954,81.6417149,
285,,,27.7818714,81.569193,
286,,,27.6703685,81.5508265,
287,,,27.7050688,81.4254322,
288,,,27.7585,81.521718,
289,,,27.8532516,81.5276798,
290,,,27.8739222,81.5704512,
291,,,27.961685,81.718012,
292,,,27.9685002,81.5575666,
293,,,27.939608,81.485079,
294,,,28.130138,81.405051,
295,,,28.0805379,81.2579205,
296,,,27.458409,81.539583,
297,,,27.463328,81.924583,
298,,,27.500074,81.741745,
299,,,27.529,81.687497,
300,,,27.286787,81.671651,
301,,,27.382622,81.61005,
302,,,27.305316,81.549222,
303,,,27.828396,81.41023,
304,,,27.9891031,81.5922284,
305,,,27.9887793,81.4211316,
306,,,27.716331,81.673327,
307,,,27.997282,81.289561,
308,,,27.641017,81.484235,
309,,,27.47847,81.483679,
310,,,27.104921,81.544761,
311,,,27.951438,81.409885,
312,,,27.273074,81.560745,
313,,,27.205733,81.500299,
314,,,27.52417,81.647253,
315,,,27.9830891,81.2807084,
316,,,28.260755,81.150113,
317,,,27.8787776,81.3514302,
318,,,27.406478,81.782974,
319,,,27.481368,81.932112,
320,,,27.277682,81.813866,
321,,,27.329118,81.6252229,
322,,,27.166704,81.540858,
323,,,27.515138,81.485967,
324,,,27.64584,81.397787,
325,,,27.723648,81.36408,
326,,,27.8667798,81.5954112,
327,,,27.2488121,81.543638,
328,,,27.3983158,81.7859548,
329,,,27.4269125,81.7617835,
330,,,27.6285368,81.5207277,
331,,,28.0213967,81.4033184,
332,,,27.8500656,81.4832287,
333,,,27.8394049,81.5235636,
334,,,27.5965283,81.5914598,
335,,,27.1392511,81.5440836,
336,,,27.4837596,81.7134712,
337,,,27.6089929,81.4142697,
338,,,26.118927,83.862185,
339,,,25.970039,83.87042,
340,,,25.7276755,84.5018389,
341,,,25.7816353,84.5033139,
342,,,25.878614,84.309582,
343,,,25.840908,84.294803,
344,,,25.874109,82.216091,
345,,,25.8519624,84.2223046,
346,,,25.8813422,84.1349957,
347,,,25.81461,84.120042,
348,,,25.804279,84.132446,
349,,,25.700302,80.035412,
350,,,25.629118,84.003998,
351,,,25.8305685,84.0257015,
352,,,25.838932,84.028263,
353,,,26.15396,83.855308,
354,,,25.966062,83.793832,
355,,,25.8852599,83.8111457,
356,,,25.868832,83.8589417,
357,,,25.82506,83.964052,
358,,,25.8373296,83.9204004,
359,,,25.9355923,84.0772503,
360,,,26.0114849,84.0530956,
361,,,26.048282,84.039256,
362,,,26.0413059,83.9356781,
363,,,25.973579,84.193074,
364,,,25.9377612,84.1428308,
365,,,25.7703883,84.1733818,
366,,,25.7879633,84.246291,
367,,,25.745478,84.271419,
368,,,25.740018,84.493813,
369,,,25.7928176,84.4211934,
370,,,25.7958037,84.4756106,
371,,,25.88164,84.380442,
372,,,25.7682553,84.4768488,
373,,,25.8772731,84.214833,
374,,,26.0273818,83.9690012,
375,,,26.079515,83.7734284,
376,,,25.8695412,83.8588998,
377,,,25.623475,83.9972418,
378,,,25.7951633,84.1262084,
379,,,26.119055,83.8588851,
380,,,27.292065,82.389456,
381,,,27.2637097,82.4179887,
382,,,27.1950433,82.434398,
383,,,27.3210429,82.4049805,
384,,,27.1751236,82.2696754,
385,,,27.4717754,82.0945758,
386,,,27.428712,82.171887,
387,,,27.3742714,82.3000628,
388,,,27.5223217,82.2928869,
389,,,27.5417338,82.2338749,
390,,,27.635391,82.175817,
391,,,27.5171971,82.5379541,
392,,,27.5203885,82.6447418,
393,,,27.7265548,82.2478251,
394,,,27.528809,82.547666,
395,,,27.5263931,82.6276691,
396,,,27.289126,82.322976,
397,,,27.150596,82.331306,
398,,,27.310056,82.4109887,
399,,,27.437381,82.1663015,
400,,,27.5288583,82.4017182,
401,,,27.1968544,82.2780899,
402,,,27.3614146,82.2868592,
403,,,25.4732204,80.3599028,
404,,,25.6128991,80.320757,
405,,,25.3877238,80.4494902,
406,,,25.028717,80.343188,
407,,,25.203675,80.458968,
408,,,25.2592013,80.6232356,
409,,,25.093772,80.534189,
410,,,25.007231,80.4873891,
411,,,25.40132,80.683835,
412,,,25.371966,80.829039,
413,,,25.4731844,80.6941916,
414,,,25.492286,80.751608,
415,,,25.5226418,80.7439946,
416,,,25.3118715,80.6469205,
417,,,25.573637,80.95039,
418,,,25.518377,80.911187,
419,,,25.546936,80.872726,
420,,,25.5149641,80.8439998,
421,,,25.57138,80.720866,
422,,,25.450635,80.35333,
423,,,25.500686,80.24237,
424,,,25.811193,80.371948,
425,,,25.7671501,80.4384289,
426,,,25.615411,80.523458,
427,,,25.69361,80.616388,
428,,,25.5977962,80.6014168,
429,,,25.551614,80.6964982,
430,,,25.525819,80.350359,
431,,,25.185967,80.471422,
432,,,25.7588374,80.423358,
433,,,25.272992,80.5935947,
434,,,26.642924,81.312727,
435,,,26.61332,81.354701,
436,,,26.77695,81.39054,
437,,,26.754268,81.3983,
438,,,26.6333972,81.3023086,
439,,,26.617808,81.354323,
440,,,26.8096442,81.519131,
441,,,26.881285,81.551505,
442,,,26.866963,81.5482,
443,,,26.944678,81.567919,
444,,,27.174354,81.215239,
445,,,27.238055,81.243242,
446,,,27.092951,81.403883,
447,,,26.9796488,81.321497,
448,,,27.089524,81.395525,
449,,,26.958188,81.177315,
450,,,26.929152,81.190842,
451,,,26.855248,81.232655,
452,,,26.83595,81.467388,
453,,,26.82288,81.327345,
454,,,26.861706,81.150726,
455,,,26.988453,81.466025,
456,,,27.0644251,81.2089009,
457,,,27.039302,81.0855846,
458,,,27.15958,80.9988118,
459,,,27.059233,81.046681,
460,,,27.10647,81.045713,
461,,,27.03544,81.16382,
462,,,27.119886,81.196279,
463,,,26.86743,81.1923051,
464,,,26.990355,81.31321,
465,,,26.908622,81.360128,
466,,,27.210335,81.2666298,
467,,,26.882793,81.56975,
468,,,26.81414,81.505245,
469,,,26.695776,81.415458,
470,,,26.65152,81.354443,
471,,,26.65404,81.346262,
472,,,27.1992265,81.3341567,
473,,,27.182699,81.354904,
474,,,27.1216568,81.4358956,
475,,,26.922043,81.64478,
476,,,26.910494,81.621025,
477,,,27.0115322,81.4568244,
478,,,26.9506853,81.5987904,
479,,,27.171615,81.2140394,
480,,,26.6110315,81.3553669,
481,,,26.9089637,81.1753821,
482,,,27.08085,81.402195,
483,,,26.8008908,81.5378551,
484,,,27.2000438,81.1081531,
485,,,26.9846375,81.4542264,
486,,,26.9819253,81.2263974,
487,,,28.208263,79.296025,
488,,,28.7785476,79.4939717,
489,,,28.4545354,79.6927453,
490,,,28.3368158,79.5018064,
491,,,28.2686478,79.6371812,
492,,,28.673665,79.545186,
493,,,28.459433,79.3060751,
494,,,28.3177482,79.3904415,
495,,,28.311669,79.272639,
496,,,28.545787,79.203219,
497,,,28.5349758,79.6271861,
498,,,28.369114,79.119868,
499,,,28.621285,79.348524,
500,,,28.763788,79.407708,
501,,,28.770522,79.574614,
502,,,28.698941,79.40217,
503,,,28.488285,79.445515,
504,,,28.26694,79.129712,
505,,,28.303257,79.115405,
506,,,28.312328,79.132412,
507,,,28.280198,79.418777,
508,,,28.102655,79.595446,
509,,,28.369381,79.627859,
510,,,28.387301,79.645653,
511,,,28.41964,79.656305,
512,,,28.236626,79.450567,
513,,,28.344723,79.425289,
514,,,28.605876,79.490901,
515,,,28.704241,79.460443,
516,,,28.726369,79.48745,
517,,,28.2937226,79.3848538,
518,,,28.1988015,79.5394617,
519,,,28.6097429,79.6130029,
520,,,28.8021604,79.5055897,
521,,,28.7076108,79.3250958,
522,,,28.486646,79.1587456,
523,,,28.5457302,79.6506545,
524,,,28.2266144,79.1127574,
525,,,28.6580439,79.4764264,
526,,,28.4810127,79.4446052,
527,,,28.4474832,79.3540593,
528,,,28.2753762,79.1713328,
529,,,28.2783461,79.5131275,
530,,,28.325882,79.161528,
531,,,26.88145,82.727504,
532,,,26.7995822,82.7216728,
533,,,26.7620021,82.5785863,
534,,,26.790772,82.4764683,
535,,,26.83111,82.5583668,
536,,,26.7742616,82.74385,
537,,,26.6905835,82.8778619,
538,,,26.7354983,82.8877668,
539,,,26.8439067,82.2585584,
540,,,26.8495883,82.3599151,
541,,,26.7799517,82.3633965,
542,,,26.767254,82.627518,
543,,,26.750894,82.580635,
544,,,26.7813667,82.4430468,
545,,,26.858313,82.761177,
546,,,26.837965,82.798708,
547,,,26.7397367,82.4601768,
548,,,26.69459,82.4483184,
549,,,26.95429,82.7703568,
550,,,26.9790041,82.7517175,
551,,,27.0283602,82.8136203,
552,,,26.63382,82.898632,
553,,,26.604806,82.804262,
554,,,26.6146903,82.7968984,
555,,,26.685619,82.692181,
556,,,26.687504,82.688419,
557,,,26.7204748,82.7234369,
558,,,26.9297635,82.7113671,
559,,,27.037699,82.609858,
560,,,27.08154,82.5716301,
561,,,26.8909667,82.4611551,
562,,,26.905529,82.341418,
563,,,26.9051048,82.3373202,
564,,,26.8842633,82.6303201,
565,,,26.98481,82.6285551,
566,,,26.8852067,82.5250318,
567,,,26.857516,82.779471,
568,,,26.90682,82.573518,
569,,,26.6703433,82.6109334,
570,,,26.6411817,82.7028834,
571,,,27.0728117,82.7302801,
572,,,26.8109615,82.74606,
573,,,27.0191492,82.6658012,
574,,,27.0610689,82.6535317,
575,,,26.7917783,82.7185626,
576,,,27.0041417,82.8349884,
577,,,27.0230379,82.7946168,
578,,,26.7881168,82.477932,
579,,,26.7544783,82.3587568,
580,,,25.2347759,82.6209721,
581,,,25.3575356,82.6399828,
582,,,25.297106,82.297962,
583,,,25.300622,82.432338,
584,,,25.307608,82.369823,
585,,,25.337358,82.47037,
586,,,25.382151,82.569893,
587,,,25.2529688,82.4352854,
588,,,25.487081,82.401109,
589,,,25.452515,82.415992,
590,,,25.4583877,82.3283196,
591,,,25.4430013,82.3664237,
592,,,25.2519924,82.5436196,
593,,,25.3695641,82.5901898,
594,,,25.35949,82.461076,
595,,,29.1909028,78.5364295,
596,,,29.1018967,78.5824084,
597,,,29.16741,78.4820901,
598,,,29.0713617,78.3447168,
599,,,29.1250625,78.1220924,
600,,,29.278106,78.318797,
601,,,29.2385542,78.309926,
602,,,29.5447554,78.4867559,
603,,,29.6021979,78.4684284,
604,,,29.62705,78.388731,
605,,,29.587471,78.339562,
606,,,29.5194494,78.3568796,
607,,,29.352418,78.770584,
608,,,29.05702,78.329629,
609,,,29.329053,78.33675,
610,,,29.323616,78.417458,
611,,,29.36931,78.4664684,
612,,,29.390045,78.4472025,
613,,,29.305359,78.5787815,
614,,,29.440819,78.713962,
615,,,29.5373481,78.2465791,
616,,,29.395933,78.116842,
617,,,29.410537,78.095963,
618,,,29.381289,78.1489011,
619,,,29.1471627,78.1450717,
620,,,29.1468488,78.5133227,
621,,,29.4401587,78.4276745,
622,,,29.6582983,78.2528884,
623,,,28.389194,78.94279,
624,,,28.3932845,78.9081979,
625,,,28.3129436,78.927533,
626,,,28.2058049,79.0551891,
627,,,28.069066,78.7512619,
628,,,28.0252105,79.3949256,
629,,,28.070362,79.127447,
630,,,28.103238,79.135038,
631,,,28.2326483,78.8104234,
632,,,28.1276369,78.6831136,
633,,,28.1353521,78.6228465,
634,,,28.175248,78.935017,
635,,,28.0925665,79.4061175,
636,,,27.969876,79.236441,
637,,,27.9826803,79.20919,
638,,,27.8816221,79.2799208,
639,,,27.868377,79.330721,
640,,,27.8116184,79.3462574,
641,,,27.8198303,79.3575955,
642,,,28.335831,78.900707,
643,,,28.334332,78.715351,
644,,,28.320563,78.691619,
645,,,28.244971,79.011709,
646,,,27.880492,79.081468,
647,,,27.942772,79.080863,
648,,,28.003716,79.004907,
649,,,28.365317,79.022991,
650,,,28.090018,79.00251,
651,,,28.0154433,78.9620351,
652,,,28.02309,79.3429334,
653,,,28.120536,79.383132,
654,,,28.1372398,78.9132246,
655,,,28.3439622,78.9305756,
656,,,28.0572333,78.7497251,
657,,,28.3139887,78.9290078,
658,,,28.0647134,79.1233724,
659,,,28.0474287,79.3905756,
660,,,28.0110049,79.1444123,
661,,,28.460032,77.898396,
662,,,28.5235183,77.8963134,
663,,,28.2317444,77.864519,
664,,,28.27086,78.0267518,
665,,,28.4263159,77.8632373,
666,,,28.4071831,77.8912913,
667,,,28.4139787,78.0856004,
668,,,28.4487099,78.0643943,
669,,,28.38046,78.163075,
670,,,28.317898,78.231114,
671,,,28.1320333,78.1117034,
672,,,28.196847,78.254556,
673,,,28.1479956,78.1730028,
674,,,28.4758282,77.6729105,
675,,,28.439259,77.748659,
676,,,28.3496333,77.7671601,
677,,,28.424863,77.892697,
678,,,28.6593883,77.9432401,
679,,,28.5559444,78.1192397,
680,,,28.5272236,78.1362693,
681,,,28.458613,78.127865,
682,,,28.5805983,77.788007,
683,,,28.5769892,77.89229,
684,,,28.634035,77.977695,
685,,,28.5262417,77.9751268,
686,,,28.5744567,78.0124334,
687,,,28.58953,78.0663918,
688,,,28.6632392,78.036364,
689,,,28.2020007,77.8105416,
690,,,28.1471529,77.7352698,
691,,,28.1118955,77.9304291,
692,,,28.1294589,77.9196214,
693,,,28.1697527,78.0591624,
694,,,28.2509588,78.156962,
695,,,28.192058,78.20628,
696,,,28.1278714,78.2764809,
697,,,28.213445,78.299184,
698,,,28.239678,78.312675,
699,,,28.364607,77.9979922,
700,,,28.5125976,77.7625628,
701,,,28.5729624,77.8083411,
702,,,28.318954,77.9484,
703,,,28.293795,78.095303,
704,,,28.1281683,77.8983968,
705,,,28.340055,78.1956684,
706,,,28.4246633,78.1557851,
707,,,28.615454,77.912829,
708,,,28.443895,77.9615151,
709,,,28.3892475,77.8445667,
710,,,28.3926443,77.7485569,
711,,,28.4520035,77.7117874,
712,,,28.465408,77.737268,
713,,,28.2798346,78.0018169,
714,,,28.2151408,78.2093935,
715,,,28.597024,78.0288985,
716,,,28.1735783,77.8799234,
717,,,28.35174,78.261885,
718,,,25.259945,83.1495034,
719,,,25.2471533,83.2308718,
720,,,25.369867,83.29086,
721,,,25.40492,83.331001,
722,,,25.04889,83.2180229,
723,,,25.0623,83.3136718,
724,,,25.271775,83.144292,
725,,,25.127448,83.231239,
726,,,25.454178,83.159482,
727,,,24.8418088,83.2528889,
728,,,24.7827551,83.1615126,
729,,,25.321734,83.263843,
730,,,25.496195,83.262704,
731,,,25.2988333,83.4339951,
732,,,25.341505,83.5121484,
733,,,25.2844367,83.3469186,
734,,,25.078879,83.268417,
735,,,25.264825,83.266875,
736,,,25.2491774,83.1072094,
737,,,25.047269,83.2144863,
738,,,24.85242,83.254835,
739,,,25.1031549,83.2575703,
740,,,25.3509849,83.2558148,
741,,,25.2551901,83.2438786,
742,,,25.4445733,83.3420884,
743,,,25.33366,80.962674,
744,,,25.189918,80.869355,
745,,,25.2025791,80.9781755,
746,,,25.051012,81.090637,
747,,,25.2671181,81.3721187,
748,,,25.1628475,81.4489851,
749,,,25.2234404,80.92028,
750,,,25.3792885,81.1293752,
751,,,25.1886746,80.6905299,
752,,,25.056922,81.094635,
753,,,25.266598,81.3703176,
754,,,25.1848385,81.4423503,
755,,,26.278955,83.7244517,
756,,,26.4565252,83.6106277,
757,,,26.5560355,83.7334137,
758,,,26.2639116,83.9042559,
759,,,26.2625419,84.154985,
760,,,26.371627,84.167307,
761,,,26.4131886,83.9314675,
762,,,26.3492854,83.94459,
763,,,26.2722505,84.1102253,
764,,,26.591865,83.6806199,
765,,,26.5391705,83.8264173,
766,,,26.5821028,83.907771,
767,,,26.5584812,83.937995,
768,,,26.5685734,83.8169995,
769,,,26.4775499,83.7016672,
770,,,26.347278,83.8173107,
771,,,26.3622683,83.791777,
772,,,26.2907601,83.8546264,
773,,,26.217787,83.964197,
774,,,26.2118666,83.9379914,
775,,,26.2639855,83.8043758,
776,,,26.3082854,83.6714187,
777,,,26.438627,83.6039108,
778,,,26.453299,83.887452,
779,,,26.378645,83.918028,
780,,,26.3534064,84.0594542,
781,,,26.3938239,84.0528409,
782,,,26.2851149,83.7930997,
783,,,26.5873133,83.7107291,
784,,,26.650739,83.764163,
785,,,26.6514099,83.826358,
786,,,26.6492677,83.9396928,
787,,,26.627735,83.891064,
788,,,26.583141,83.67159,
789,,,26.2855598,83.7101245,
790,,,26.4450883,83.6178998,
791,,,26.318195,84.024096,
792,,,26.3419083,83.8440334,
793,,,26.4525488,83.8042062,
794,,,27.72903,78.625225,
795,,,27.500201,79.162283,
796,,,27.4310128,78.3627407,
797,,,27.467232,78.4714806,
798,,,27.584826,78.638273,
799,,,27.4387251,79.0965822,
800,,,27.515572,79.014135,
801,,,27.499142,78.324324,
802,,,27.4794233,78.3056073,
803,,,27.6909558,78.6171209,
804,,,27.729314,78.624849,
805,,,27.581297,78.500233,
806,,,27.679928,78.594526,
807,,,27.442047,78.781215,
808,,,27.5666795,78.827372,
809,,,27.47912,78.812056,
810,,,27.5010965,79.0566903,
811,,,27.4873975,78.252833,
812,,,27.472497,78.826592,
813,,,26.56133,79.14134,
814,,,26.510026,79.08579,
815,,,26.6182,79.24603,
816,,,26.731137,78.916762,
817,,,26.71958,78.957348,
818,,,26.826944,79.055755,
819,,,26.80877,78.946358,
820,,,26.893501,78.919657,
821,,,26.901676,78.86893,
822,,,26.954407,78.960375,
823,,,26.8415776,79.0838381,
824,,,26.726444,79.232403,
825,,,26.907635,79.305878,
826,,,26.9041843,79.2602448,
827,,,26.733884,79.218101,
828,,,26.873082,78.987858,
829,,,26.9039132,79.286035,
830,,,26.9566713,78.9565727,
831,,,26.7600927,79.1972491,
832,,,26.7967917,79.0327168,
833,,,26.57947,79.110821,
834,,,26.885784,78.903545,
835,,,27.3652163,79.6017691,
836,,,27.3081824,79.4341766,
837,,,27.4316938,79.4125915,
838,,,27.3388633,79.4316434,
839,,,27.361147,79.634192,
840,,,27.576251,79.315043,
841,,,27.26794,79.630888,
842,,,27.27943,79.63948,
843,,,27.622929,79.27606,
844,,,27.424902,79.427174,
845,,,27.434685,79.641842,
846,,,27.480683,79.661126,
847,,,27.517855,79.432256,
848,,,27.539924,79.419333,
849,,,27.3914217,79.3940818,
850,,,27.61106,79.2064667,
851,,,27.5289578,79.5975733,
852,,,25.856647,81.193179,
853,,,26.0123967,80.2952836,
854,,,25.9116779,80.2948758,
855,,,25.783165,80.6154339,
856,,,25.759209,80.886115,
857,,,25.860013,80.643783,
858,,,25.794707,80.741513,
859,,,25.9779383,81.0377966,
860,,,26.1378559,80.4599786,
861,,,26.1588399,80.5357597,
862,,,25.775374,81.1639,
863,,,25.591061,81.168376,
864,,,25.8703206,80.9060747,
865,,,25.8497657,80.9562321,
866,,,25.9253317,81.0420823,
867,,,26.056323,80.516491,
868,,,25.914257,80.4972051,
869,,,26.0360826,80.7037738,
870,,,26.168315,80.567072,
871,,,25.9341482,80.7337679,
872,,,25.970006,80.764211,
873,,,25.829251,81.051058,
874,,,25.655157,81.102352,
875,,,25.9510984,81.023646,
876,,,25.9885067,81.0745218,
877,,,25.9937471,80.7225033,
878,,,26.0846682,80.3177123,
879,,,25.8098263,80.5905567,
880,,,25.7442274,80.7519703,
881,,,25.9668351,80.8944318,
882,,,25.847314,81.004707,
883,,,25.7505537,81.1580921,
884,,,25.6546412,80.9584927,
885,,,25.5595193,81.13529,
886,,,26.030836,80.403961,
887,,,26.143918,80.611421,
888,,,25.8581036,81.1508017,
889,,,25.921226,80.617948,
890,,,26.0375613,80.5781061,
891,,,25.5367315,81.179169,
892,,,25.9343219,80.7921109,
893,,,25.7667548,81.0999055,
894,,,27.2321877,78.5012623,
895,,,27.245891,78.502364,
896,,,27.29835,78.580457,
897,,,27.122093,78.592597,
898,,,27.1495597,78.7003383,
899,,,27.245701,78.231009,
900,,,27.180336,78.22558,
901,,,26.828615,78.7024768,
902,,,27.037771,78.721705,
903,,,27.151513,78.704217,
904,,,27.1307767,78.5986675,
905,,,27.2592408,78.7035669,
906,,,27.2531768,78.6231599,
907,,,27.344748,78.597551,
908,,,27.214358,78.393288,
909,,,27.167538,78.396314,
910,,,27.248013,78.436292,
911,,,27.152907,78.435651,
912,,,27.0485237,78.7030093,
913,,,27.2300682,78.645396,
914,,,27.1359402,78.5189815,
915,,,27.1079434,78.6100771,
916,,,27.2384,78.2529684,
917,,,27.1313573,78.4556332,
918,,,27.218777,78.385467,
919,,,28.5372933,77.5786167,
920,,,28.5781016,77.5556203,
921,,,28.6140365,77.5810302,
922,,,28.443692,77.62869,
923,,,28.19272,77.6923358,
924,,,28.513913,77.614668,
925,,,28.4438406,77.5611783,
926,,,28.5563711,77.5506555,
927,,,28.1298622,77.5564774,
928,,,28.83342,77.554068,
929,,,28.786661,77.466402,
930,,,28.722076,77.4333,
931,,,28.746914,77.289417,
932,,,28.737717,77.311756,
933,,,28.7234739,77.3739688,
934,,,28.661869,77.42893,
935,,,28.711187,77.457308,
936,,,28.7964382,77.6214068,
937,,,28.7730705,77.5076732,
938,,,28.8598982,77.5887575,
939,,,25.5646492,83.2221377,
940,,,25.7636551,83.57168,
941,,,25.7171233,83.5190468,
942,,,25.8175032,83.41546,
943,,,25.7467943,83.3922761,
944,,,25.6522821,83.148448,
945,,,25.5297596,83.316029,
946,,,25.5681494,83.382252,
947,,,25.5434412,83.4237121,
948,,,25.59818,83.5469756,
949,,,25.6289072,83.7434181,
950,,,25.5686135,83.9034379,
951,,,25.5733128,83.8529817,
952,,,25.7636869,83.8573205,
953,,,25.7826933,83.7979271,
954,,,25.7339135,83.2522176,
955,,,25.673065,83.410876,
956,,,25.5685603,83.5321118,
957,,,25.671612,83.442217,
958,,,25.5869113,83.709223,
959,,,25.445782,83.706323,
960,,,25.395011,83.665096,
961,,,25.317609,83.577573,
962,,,25.377484,83.650636,
963,,,25.8273133,83.6019401,
964,,,25.6995217,83.7129101,
965,,,25.844568,83.665781,
966,,,25.821605,83.512188,
967,,,25.6414353,83.7580884,
968,,,25.8007017,83.5609618,
969,,,25.7463537,83.5328488,
970,,,25.5313249,83.6569668,
971,,,25.4480812,83.4926956,
972,,,25.473395,83.459761,
973,,,25.603411,83.600599,
974,,,25.414875,83.559375,
975,,,25.609032,83.081211,
976,,,25.6065757,83.1854841,
977,,,25.6234455,83.7563464,
978,,,25.779292,83.667982,
979,,,25.742773,83.376287,
980,,,25.770549,83.591951,
981,,,25.6155883,83.6049284,
982,,,25.4966967,83.5612251,
983,,,25.5606567,83.2301751,
984,,,25.4397,83.7620484,
985,,,27.077543,82.457234,
986,,,27.000216,82.513681,
987,,,26.881355,81.8537001,
988,,,26.975757,81.910666,
989,,,27.0083543,82.3472705,
990,,,27.004501,82.351374,
991,,,27.1199,81.679551,
992,,,27.09567,81.635539,
993,,,27.139564,81.759951,
994,,,27.155256,81.798098,
995,,,27.294033,82.043396,
996,,,27.292943,82.03147,
997,,,27.0691186,82.0410541,
998,,,27.206249,81.793675,
999,,,27.2338041,81.7644834,
1000,,,27.119255,81.967856,
1001,,,27.0539418,82.2105753,
1002,,,27.093134,82.25059,
1003,,,27.220625,82.134623,
1004,,,27.18064,82.144073,
1005,,,26.867043,82.136943,
1006,,,26.850406,82.184785,
1007,,,27.166539,81.968464,
1008,,,27.206384,81.990454,
1009,,,27.0347597,81.7838911,
1010,,,26.973266,81.725902,
1011,,,27.380442,81.95627,
1012,,,27.283809,81.918393,
1013,,,26.956041,81.990342,
1014,,,26.83081,81.945692,
1015,,,26.947913,82.1179383,
1016,,,27.0342493,82.0761826,
1017,,,27.1266609,81.9385096,
1018,,,27.0605701,82.2075865,
1019,,,26.9600853,81.9858345,
1020,,,27.1323868,81.7010226,
1021,,,26.6873664,83.54421,
1022,,,26.7034315,83.5252256,
1023,,,26.6225477,83.2597345,
1024,,,26.6246865,83.2379748,
1025,,,26.7924401,83.4303406,
1026,,,26.8014452,83.3924451,
1027,,,26.5323306,83.5908884,
1028,,,26.6777983,83.4108982,
1029,,,26.7180212,83.4379452,
1030,,,26.6737519,83.1786234,
1031,,,26.5564579,83.3441478,
1032,,,26.340114,83.496506,
1033,,,26.317106,83.466986,
1034,,,26.3549102,83.4076205,
1035,,,26.7705507,83.2789135,
1036,,,26.9815983,83.2495084,
1037,,,26.84894,83.2538468,
1038,,,26.8129499,83.2595316,
1039,,,26.5987408,83.1603007,
1040,,,26.629042,83.136161,
1041,,,26.662516,83.108995,
1042,,,26.755128,83.215321,
1043,,,26.7307604,83.2332733,
1044,,,26.4676171,83.4395206,
1045,,,26.383715,83.358247,
1046,,,26.5532882,83.3504773,
1047,,,26.6380956,83.2782723,
1048,,,26.9257934,83.3155161,
1049,,,26.9180236,83.3422504,
1050,,,26.449295,83.437193,
1051,,,26.410749,83.44585,
1052,,,26.356141,83.351833,
1053,,,26.351129,83.357603,
1054,,,26.293474,83.496862,
1055,,,26.321474,83.563661,
1056,,,26.6532483,83.4982884,
1057,,,26.803156,83.393613,
1058,,,26.601693,83.518635,
1059,,,26.584783,83.561852,
1060,,,26.487649,83.268755,
1061,,,26.410005,83.280043,
1062,,,26.407073,83.185558,
1063,,,26.432989,83.164666,
1064,,,26.4894183,83.1763751,
1065,,,26.55863,83.1837918,
1066,,,26.471921,83.326298,
1067,,,26.329614,83.380441,
1068,,,26.502986,83.395632,
1069,,,26.516457,83.4149,
1070,,,26.55144,83.392261,
1071,,,26.513495,83.345258,
1072,,,26.550988,83.28286,
1073,,,26.50399,83.200401,
1074,,,26.8717644,83.3582393,
1075,,,26.906806,83.263955,
1076,,,26.861469,83.187739,
1077,,,27.0594676,83.1453153,
1078,,,27.0231503,83.2647477,
1079,,,26.7300484,83.2455175,
1080,,,26.8115071,83.2180123,
1081,,,26.8207169,83.1961232,
1082,,,26.7890332,83.1916458,
1083,,,26.7509755,83.1829509,
1084,,,26.748125,83.244302,
1085,,,27.029104,83.345006,
1086,,,26.907241,83.333708,
1087,,,26.918856,83.283435,
1088,,,26.606104,83.420512,
1089,,,26.582464,83.609123,
1090,,,26.756155,83.381044,
1091,,,26.830258,83.184695,
1092,,,26.689005,83.22971,
1093,,,26.67802,83.341187,
1094,,,26.738346,83.501036,
1095,,,26.769782,83.520749,
1096,,,26.820054,83.520185,
1097,,,26.814043,83.500308,
1098,,,26.787356,83.560098,
1099,,,26.630443,83.580691,
1100,,,26.642756,83.583977,
1101,,,26.741508,83.60499,
1102,,,26.878887,83.435307,
1103,,,26.848696,83.446252,
1104,,,26.8992372,83.4899224,
1105,,,26.928167,83.382512,
1106,,,26.791824,83.265111,
1107,,,26.554554,83.23159,
1108,,,26.419853,83.1387835,
1109,,,26.915179,83.335508,
1110,,,26.955354,83.365415,
1111,,,26.8210486,83.3722649,
1112,,,26.5624567,83.2343118,
1113,,,26.748128,83.177037,
1114,,,26.5355176,83.4064844,
1115,,,26.729962,83.230905,
1116,,,26.747666,83.3693581,
1117,,,26.6859572,83.5928971,
1118,,,26.7145856,83.5930333,
1119,,,26.7034365,83.4480336,
1120,,,26.8254067,83.4054251,
1121,,,26.4541616,83.261605,
1122,,,26.5042197,83.3246647,
1123,,,26.3044613,83.5528046,
1124,,,25.9791021,79.9814016,
1125,,,25.9077124,79.8927612,
1126,,,25.988098,79.93836,
1127,,,25.646537,80.099137,
1128,,,25.6686694,80.2429524,
1129,,,25.58742,79.496369,
1130,,,25.618411,79.489714,
1131,,,25.503032,79.624275,
1132,,,25.5913483,79.6178134,
1133,,,25.596782,79.65489,
1134,,,25.749329,79.556219,
1135,,,25.656881,79.475443,
1136,,,25.804715,79.470067,
1137,,,25.837455,79.63786,
1138,,,25.727931,79.696688,
1139,,,25.739545,79.804713,
1140,,,25.8656767,79.87165,
1141,,,25.900963,79.664922,
1142,,,25.6844208,80.1032567,
1143,,,25.6435567,79.741528,
1144,,,25.657492,79.913508,
1145,,,25.60651,79.94459,
1146,,,25.815079,80.186106,
1147,,,25.867222,80.161876,
1148,,,25.883735,80.193831,
1149,,,26.056862,80.064488,
1150,,,25.691665,80.0911851,
1151,,,25.575682,79.558254,
1152,,,25.620818,79.406383,
1153,,,25.66565,79.806709,
1154,,,25.740607,79.488065,
1155,,,25.768095,79.676589,
1156,,,25.9574401,80.1493954,
1157,,,25.819962,80.14823,
1158,,,28.6580468,78.1076173,
1159,,,28.6973903,78.0944886,
1160,,,28.8086713,78.0587173,
1161,,,28.7674268,77.9974793,
1162,,,28.734881,78.005195,
1163,,,28.7404822,77.9744651,
1164,,,28.7203991,77.9256954,
1165,,,28.73289,77.8823634,
1166,,,28.631917,77.663836,
1167,,,28.73784,77.756771,
1168,,,28.6386748,77.6449746,
1169,,,28.7173616,77.7428944,
1170,,,28.7878838,78.0844471,
1171,,,27.176578,80.5173354,
1172,,,27.142482,80.508981,
1173,,,27.099155,80.397828,
1174,,,27.0194214,80.40417,
1175,,,27.1638297,80.3335336,
1176,,,27.212708,80.339853,
1177,,,27.219494,80.254168,
1178,,,27.026042,80.1522077,
1179,,,27.08493,80.1957001,
1180,,,27.0872083,80.2533634,
1181,,,27.1181155,80.1231579,
1182,,,27.1824939,80.0367658,
1183,,,27.7283038,80.1687242,
1184,,,27.558565,80.1652784,
1185,,,27.527319,80.170531,
1186,,,27.649041,79.942856,
1187,,,27.5952818,79.9844562,
1188,,,27.5762421,80.007187,
1189,,,27.5527964,80.0137478,
1190,,,27.233389,80.472837,
1191,,,27.229834,80.503399,
1192,,,27.194796,80.593614,
1193,,,27.438025,80.240871,
1194,,,27.452426,80.354896,
1195,,,27.346351,80.28216,
1196,,,27.118134,80.617586,
1197,,,27.234535,79.884562,
1198,,,27.323136,79.835111,
1199,,,27.415358,79.837935,
1200,,,27.38921,80.014338,
1201,,,27.382196,79.907243,
1202,,,27.2882217,80.1256301,
1203,,,27.244694,80.087029,
1204,,,27.359626,80.052384,
1205,,,27.477175,79.7851584,
1206,,,27.58104,79.7909268,
1207,,,27.2015,80.0148518,
1208,,,27.4865933,80.0777718,
1209,,,27.07907,80.27958,
1210,,,27.141989,80.307921,
1211,,,26.955178,80.381079,
1212,,,27.0611517,80.4903396,
1213,,,27.3352212,80.1333073,
1214,,,27.2315468,79.9891071,
1215,,,27.1160534,80.1593868,
1216,,,26.961614,80.048681,
1217,,,27.251911,80.3196764,
1218,,,27.319935,80.4142656,
1219,,,27.1293532,80.7558597,
1220,,,27.5325281,80.2491056,
1221,,,27.7532987,80.22474,
1222,,,27.6334601,79.7957101,
1223,,,27.599068,79.980289,
1224,,,27.6707344,80.0481815,
1225,,,27.4606383,80.0947757,
1226,,,27.2584755,79.7838507,
1227,,,27.3281105,79.980703,
1228,,,27.3884875,80.17769,
1229,,,27.0433633,80.5288534,
1230,,,27.432839,79.79932,
1231,,,27.187928,80.044071,
1232,,,27.4113262,80.1559565,
1233,,,27.6509283,79.94106,
1234,,,27.6665513,78.1083343,
1235,,,27.620663,78.0547975,
1236,,,27.5515612,77.9541594,
1237,,,27.4404091,78.0281035,
1238,,,27.4612428,77.9504255,
1239,,,27.7325682,78.4681723,
1240,,,27.80201,78.4197151,
1241,,,27.6424917,78.3052768,
1242,,,27.5934017,78.2689184,
1243,,,27.696012,78.0316095,
1244,,,27.5641839,78.1542203,
1245,,,27.4938094,78.1420298,
1246,,,27.4376609,78.135356,
1247,,,27.3682014,77.9410734,
1248,,,27.6916687,78.0700161,
1249,,,27.6300846,78.2036325,
1250,,,27.4857836,77.9643132,
1251,,,27.6930506,78.3658094,
1252,,,26.3059017,79.1302134,
1253,,,25.993162,79.829728,
1254,,,26.2171167,79.5592418,
1255,,,26.126854,79.63615,
1256,,,26.380429,79.418972,
1257,,,26.3624348,79.4157702,
1258,,,26.35869,79.2842384,
1259,,,26.360083,79.225502,
1260,,,26.34842,79.1818817,
1261,,,26.0153667,79.8727118,
1262,,,26.019385,79.1669051,
1263,,,25.951445,79.0057968,
1264,,,26.1709967,79.2601584,
1265,,,26.172431,79.385861,
1266,,,25.875693,79.423922,
1267,,,25.905745,79.4750434,
1268,,,26.1722133,79.1408034,
1269,,,26.268573,79.187889,
1270,,,25.98193,79.14998,
1271,,,25.97634,79.4557784,
1272,,,26.1211548,79.7548897,
1273,,,26.140274,79.335119,
1274,,,25.9869703,79.1399691,
1275,,,26.2800206,79.1805587,
1276,,,25.761376,82.732999,
1277,,,25.695937,82.90327,
1278,,,25.710897,82.812826,
1279,,,25.700658,82.620263,
1280,,,25.6805051,82.3524017,
1281,,,25.877516,82.476233,
1282,,,25.7991497,82.5730697,
1283,,,25.7754161,82.5559996,
1284,,,25.8724455,82.4216978,
1285,,,25.648903,82.595087,
1286,,,25.8413805,82.3144679,
1287,,,25.556186,82.619391,
1288,,,25.576588,82.513007,
1289,,,25.6454225,82.2039778,
1290,,,25.649679,82.152812,
1291,,,25.9691598,82.4431857,
1292,,,25.945428,82.549426,
1293,,,25.986447,82.534879,
1294,,,25.75319,82.746469,
1295,,,25.657842,82.951187,
1296,,,26.024207,82.627159,
1297,,,25.653988,82.924106,
1298,,,25.626071,82.976619,
1299,,,25.798086,82.228539,
1300,,,25.672211,82.728829,
1301,,,25.58827,82.7154351,
1302,,,25.7158498,82.2697057,
1303,,,25.6753,82.392171,
1304,,,25.6094925,82.3728801,
1305,,,25.83464,82.516037,
1306,,,25.7298961,82.7074476,
1307,,,25.892962,82.763029,
1308,,,25.8361651,82.7160948,
1309,,,25.711047,82.743095,
1310,,,25.639019,82.614533,
1311,,,25.625245,82.5820351,
1312,,,25.4911449,82.5681764,
1313,,,25.601111,82.930665,
1314,,,25.6249317,82.1718818,
1315,,,25.635928,83.016112,
1316,,,25.5862743,83.0252589,
1317,,,25.610292,82.515992,
1318,,,25.553663,82.626575,
1319,,,25.511874,82.57027,
1320,,,25.664194,82.772616,
1321,,,25.704266,82.827065,
1322,,,25.586701,83.00225,
1323,,,25.691357,83.010709,
1324,,,25.786147,82.476374,
1325,,,25.72784,82.465239,
1326,,,25.684605,82.3670033,
1327,,,25.5976571,82.4507262,
1328,,,25.525317,82.382884,
1329,,,25.631558,82.808545,
1330,,,25.845719,82.399222,
1331,,,25.9641364,82.6944302,
1332,,,26.125475,82.4532268,
1333,,,26.143195,82.582497,
1334,,,25.851646,82.677749,
1335,,,26.090743,82.489036,
1336,,,25.980195,82.577855,
1337,,,25.741507,84.6261,
1338,,,25.806024,82.68967,
1339,,,25.668201,82.399147,
1340,,,25.6329983,82.6076201,
1341,,,25.8556004,82.4203563,
1342,,,25.993767,82.5631629,
1343,,,26.0134164,82.6734154,
1344,,,25.563385,82.7651465,
1345,,,25.310364,78.517129,
1346,,,25.8447283,79.0739834,
1347,,,25.2339245,78.4678557,
1348,,,25.612848,79.1838514,
1349,,,25.6193534,79.241612,
1350,,,25.578711,79.239155,
1351,,,25.7114803,79.1637591,
1352,,,25.7313533,79.2406034,
1353,,,25.2379464,79.1969298,
1354,,,25.1749709,79.1817151,
1355,,,25.2475957,79.0664177,
1356,,,25.3107265,79.0009515,
1357,,,25.557184,78.802336,
1358,,,25.646246,78.878072,
1359,,,25.4762376,78.7042972,
1360,,,25.508155,78.7533892,
1361,,,25.83375,78.9620801,
1362,,,25.7572667,78.8321318,
1363,,,25.323732,79.092128,
1364,,,25.5967832,79.1798073,
1365,,,25.569863,78.806811,
1366,,,25.270491,78.97665,
1367,,,25.3784593,78.766552,
1368,,,25.3396,78.515734,
1369,,,25.5740691,79.2955636,
1370,,,25.5320547,78.9839086,
1371,,,25.7333579,78.9529674,
1372,,,25.4487622,78.5898181,
1373,,,25.262106,79.1485572,
1374,,,25.8420069,78.8948085,
1375,,,25.1938527,78.4571235,
1376,,,27.109996,79.413265,
1377,,,27.158163,79.605121,
1378,,,27.029001,79.517139,
1379,,,26.978912,79.495024,
1380,,,26.9179315,79.5780194,
1381,,,26.956383,79.665472,
1382,,,26.963932,79.715074,
1383,,,26.874284,79.716868,
1384,,,27.137791,79.702566,
1385,,,27.123276,79.678535,
1386,,,27.03262,79.649329,
1387,,,27.101162,79.777031,
1388,,,27.072965,79.788154,
1389,,,27.017734,79.976283,
1390,,,27.033344,79.921202,
1391,,,27.011271,79.861056,
1392,,,26.970055,79.798025,
1393,,,27.129026,79.81269,
1394,,,27.115355,79.854707,
1395,,,27.13927,79.499338,
1396,,,27.028343,79.922214,
1397,,,26.965842,79.791962,
1398,,,26.3957025,79.8755561,
1399,,,26.377097,79.984446,
1400,,,26.1957649,79.7764875,
1401,,,26.254219,79.831499,
1402,,,26.2233796,79.83731,
1403,,,26.414206,79.795664,
1404,,,26.462913,79.732598,
1405,,,26.5545812,79.7232592,
1406,,,26.52837,80.057456,
1407,,,26.600623,80.047309,
1408,,,26.28088,79.89276,
1409,,,26.270833,79.938861,
1410,,,26.3032133,79.6844969,
1411,,,26.340475,79.664845,
1412,,,26.679273,79.778093,
1413,,,26.606079,79.87081,
1414,,,26.444111,79.6678976,
1415,,,26.41024,79.671058,
1416,,,26.3591836,80.0886263,
1417,,,26.3498616,80.0994094,
1418,,,26.3741307,79.6228738,
1419,,,26.371862,79.9525491,
1420,,,26.239747,79.8238105,
1421,,,26.4405132,79.7596804,
1422,,,26.5578834,80.0896536,
1423,,,26.7207818,79.9278481,
1424,,,26.362104,79.679564,
1425,,,26.1899113,80.4064923,
1426,,,26.211905,80.2731321,
1427,,,26.3767147,80.3435232,
1428,,,26.3392181,80.345356,
1429,,,26.349167,80.2892339,
1430,,,26.2864767,80.2852834,
1431,,,26.6865926,80.0575474,
1432,,,26.840288,80.071559,
1433,,,26.844014,80.096965,
1434,,,26.6483345,80.2035452,
1435,,,26.583235,80.177487,
1436,,,26.1234157,80.2168995,
1437,,,26.002843,80.157485,
1438,,,26.8547317,79.9559902,
1439,,,26.785026,80.008362,
1440,,,26.513473,80.198441,
1441,,,26.441265,80.206692,
1442,,,26.239132,80.201938,
1443,,,26.2322031,80.0300577,
1444,,,26.270272,80.4306593,
1445,,,26.286196,80.4856401,
1446,,,26.67367,80.12633,
1447,,,26.8578672,80.0211211,
1448,,,26.857567,80.023506,
1449,,,26.5122732,80.3202605,
1450,,,26.2348951,80.431452,
1451,,,26.6058785,80.2181296,
1452,,,26.5286,80.2080518,
1453,,,27.6310934,78.8636287,
1454,,,27.6258266,78.8388239,
1455,,,27.8375788,78.5413201,
1456,,,27.843969,78.611322,
1457,,,27.5794154,79.1254056,
1458,,,27.7850174,79.0142246,
1459,,,27.7611059,79.0593121,
1460,,,27.7074944,78.7371544,
1461,,,27.705727,78.7667507,
1462,,,27.790572,78.8267239,
1463,,,27.773496,78.801255,
1464,,,27.6791473,78.9604632,
1465,,,27.8950059,78.7498684,
1466,,,27.84656,78.685448,
1467,,,27.614058,79.029845,
1468,,,27.719407,78.856119,
1469,,,27.776406,78.661668,
1470,,,27.8617039,78.6538051,
1471,,,27.805088,78.789105,
1472,,,27.6956175,78.9997757,
1473,,,27.780095,78.8159953,
1474,,,27.4988899,77.6822694,
1475,,,27.592688,79.149415,
1476,,,27.838237,78.787092,
1477,,,27.8969394,78.5592138,
1478,,,25.401549,81.23512,
1479,,,25.4604771,81.2776747,
1480,,,25.4852646,81.3238872,
1481,,,25.4640596,81.3379264,
1482,,,25.5556167,81.5363272,
1483,,,25.597944,81.451606,
1484,,,25.4739292,81.6439003,
1485,,,25.4395092,81.6065748,
1486,,,25.3701341,81.5973502,
1487,,,25.610185,81.346645,
1488,,,25.668803,81.356713,
1489,,,25.694998,81.346113,
1490,,,25.328148,81.524366,
1491,,,25.357648,81.436178,
1492,,,25.381239,81.412351,
1493,,,25.6576305,81.3200729,
1494,,,25.5336583,81.3814502,
1495,,,25.430938,81.631661,
1496,,,28.1034333,80.4473484,
1497,,,27.864018,80.791644,
1498,,,27.8590333,80.8425668,
1499,,,27.885041,80.9451373,
1500,,,27.896722,81.054913,
1501,,,28.0406683,80.9535268,
1502,,,28.1721633,81.0672401,
1503,,,28.2100783,80.9174501,
1504,,,28.240293,80.8604886,
1505,,,27.9134533,80.6683401,
1506,,,27.921945,80.6961268,
1507,,,27.8832621,80.6350954,
1508,,,27.984683,80.58654,
1509,,,28.069956,80.482986,
1510,,,27.796045,80.491533,
1511,,,27.837896,80.505219,
1512,,,27.81887,80.169164,
1513,,,27.785249,80.2555968,
1514,,,28.0115607,80.3206696,
1515,,,28.028298,80.230747,
1516,,,28.153834,80.420776,
1517,,,28.437063,80.560134,
1518,,,28.452958,80.495349,
1519,,,28.189208,80.454908,
1520,,,28.2697242,80.5978875,
1521,,,28.04596,80.5634748,
1522,,,27.8062617,81.2229034,
1523,,,27.907418,81.207755,
1524,,,28.0011783,81.0824768,
1525,,,28.135122,81.032157,
1526,,,28.070215,80.804461,
1527,,,28.2310167,80.3200601,
1528,,,28.237004,80.550698,
1529,,,28.11342,80.734078,
1530,,,28.060615,80.701748,
1531,,,27.847123,81.039925,
1532,,,27.993244,81.014135,
1533,,,28.168972,80.908302,
1534,,,28.322326,80.69667,
1535,,,27.956082,80.498737,
1536,,,27.9287567,80.1264018,
1537,,,27.808301,80.071894,
1538,,,27.798483,80.561055,
1539,,,28.244322,80.615043,
1540,,,28.435152,80.531162,
1541,,,27.8788681,80.8231075,
1542,,,28.004189,81.084942,
1543,,,28.2385808,80.8583955,
1544,,,28.4288651,80.578725,
1545,,,27.8265643,80.4880429,
1546,,,27.946753,80.778963,
1547,,,27.948601,80.2090532,
1548,,,27.9708417,80.1127851,
1549,,,28.0925849,80.4578432,
1550,,,26.719266,84.0112762,
1551,,,26.6832685,84.0489457,
1552,,,26.6852673,84.0957115,
1553,,,26.650716,84.180369,
1554,,,26.7311526,83.8848196,
1555,,,26.888153,83.8056587,
1556,,,26.9318865,83.8464657,
1557,,,27.0517353,83.7378461,
1558,,,27.0745988,83.815647,
1559,,,27.1465061,83.9266647,
1560,,,26.865714,83.5765735,
1561,,,26.7594909,83.9701183,
1562,,,26.7057375,84.1846082,
1563,,,26.8146209,84.2020217,
1564,,,26.8609187,84.0727848,
1565,,,26.906118,83.6652891,
1566,,,26.87435,83.745674,
1567,,,26.8369004,83.6808341,
1568,,,26.8002199,83.8662273,
1569,,,26.678978,84.27203,
1570,,,26.755317,84.075587,
1571,,,26.6989947,83.7419134,
1572,,,26.697336,83.6628641,
1573,,,26.8401028,83.9534179,
1574,,,26.973473,83.919126,
1575,,,27.02257,83.8989868,
1576,,,27.0055903,83.9873531,
1577,,,26.842179,83.60508,
1578,,,26.7482497,83.9108513,
1579,,,26.877298,83.9565828,
1580,,,26.6916086,84.1692811,
1581,,,27.1970265,83.8741483,
1582,,,26.7315058,83.6862459,
1583,,,26.9276709,83.7186258,
1584,,,24.99507,78.4701218,
1585,,,24.980265,78.5044768,
1586,,,24.9974083,78.5897468,
1587,,,24.8631213,78.5834781,
1588,,,24.884499,78.466872,
1589,,,24.6586333,78.3347834,
1590,,,24.55221,78.3134051,
1591,,,24.319525,78.4086384,
1592,,,24.57972,78.4311668,
1593,,,24.5771867,78.6263234,
1594,,,24.39803,78.5563718,
1595,,,24.896377,78.3423349,
1596,,,24.6240166,78.7221938,
1597,,,24.316008,78.9205942,
1598,,,24.4788105,78.848776,
1599,,,24.826352,78.686153,
1600,,,24.4225717,78.5278718,
1601,,,24.622289,78.74887,
1602,,,24.3662297,78.7811345,
1603,,,24.580779,78.7218757,
1604,,,24.4854899,78.4072084,
1605,,,25.0346804,78.4241054,
1606,,,24.7003022,78.4041472,
1607,,,26.7688599,81.1097794,
1608,,,26.76853,81.150091,
1609,,,26.7684167,81.1020278,
1610,,,26.879,80.9742222,
1611,,,27.00125,80.9377778,
1612,,,27.0096667,80.8990833,
1613,,,26.856997,80.789526,
1614,,,26.984775,80.920947,
1615,,,26.867706,80.762144,
1616,,,26.9205,80.7136389,
1617,,,26.673191,80.839245,
1618,,,26.748078,80.860494,
1619,,,26.678986,80.990024,
1620,,,27.087227,80.898028,
1621,,,27.0231667,80.7393889,
1622,,,26.668309,80.986576,
1623,,,26.605392,81.130467,
1624,,,26.9246645,80.709689,
1625,,,26.848882,80.977893,
1626,,,26.826058,81.014126,
1627,,,27.1041539,80.9289258,
1628,,,26.83937,81.0114418,
1629,,,26.9303608,80.7119405,
1630,,,26.682576,80.98321,
1631,,,26.8392867,80.9431601,
1632,,,26.7240148,80.8863918,
1633,,,26.89947,81.0429818,
1634,,,25.532982,80.021585,
1635,,,25.393502,79.712497,
1636,,,25.474254,79.706326,
1637,,,25.2985944,79.9442869,
1638,,,25.436522,79.476709,
1639,,,25.4141816,79.5981912,
1640,,,25.352594,79.649163,
1641,,,25.1908215,79.6768838,
1642,,,25.3131757,79.6398127,
1643,,,25.4012751,79.7373808,
1644,,,25.2834133,79.8537101,
1645,,,26.970566,83.591458,
1646,,,27.0024282,83.4518122,
1647,,,27.225216,83.663752,
1648,,,27.310322,83.721363,
1649,,,27.142113,83.767253,
1650,,,27.1301345,83.7574096,
1651,,,27.142868,83.558795,
1652,,,27.141899,83.538022,
1653,,,27.2470082,83.5746499,
1654,,,27.1536285,83.5458105,
1655,,,27.2529245,83.3721789,
1656,,,27.446309,83.437618,
1657,,,27.4379012,83.4201213,
1658,,,27.425818,83.493711,
1659,,,27.204808,83.201236,
1660,,,27.210176,83.210753,
1661,,,27.1187,83.172522,
1662,,,27.103833,83.272152,
1663,,,27.108551,83.278603,
1664,,,26.9985356,83.4550745,
1665,,,27.311716,83.7244521,
1666,,,27.053862,83.713033,
1667,,,27.056597,83.719032,
1668,,,26.9740416,83.6133335,
1669,,,26.958108,83.592725,
1670,,,27.466707,83.480656,
1671,,,27.432748,83.433252,
1672,,,27.090825,83.7106899,
1673,,,27.104034,83.263887,
1674,,,26.995004,83.469523,
1675,,,27.1397242,83.5508268,
1676,,,27.242067,83.572182,
1677,,,27.303558,83.715969,
1678,,,27.151623,83.757681,
1679,,,27.060168,83.718751,
1680,,,27.309768,83.7197056,
1681,,,27.1068972,83.261633,
1682,,,27.453886,83.403209,
1683,,,27.1435194,83.55533,
1684,,,27.031792,78.942658,
1685,,,27.081575,78.844387,
1686,,,27.156708,78.98834,
1687,,,27.26989,78.864392,
1688,,,27.2936436,78.7366781,
1689,,,27.148212,78.940492,
1690,,,27.231432,79.042827,
1691,,,27.005445,78.967795,
1692,,,27.024694,79.1895379,
1693,,,27.055469,79.369159,
1694,,,27.107526,79.280901,
1695,,,27.175096,79.113002,
1696,,,27.378286,78.93035,
1697,,,27.3425792,79.0466964,
1698,,,27.320817,79.160146,
1699,,,27.238651,79.305677,
1700,,,27.1473374,79.0825288,
1701,,,27.0489272,78.9047886,
1702,,,27.017049,79.2558268,
1703,,,27.387338,78.975419,
1704,,,27.1750554,78.81479,
1705,,,27.251656,79.147856,
1706,,,27.196507,79.007135,
1707,,,27.586461,77.606791,
1708,,,27.6415411,77.5546753,
1709,,,27.6194868,77.580001,
1710,,,27.7143646,77.5038639,
1711,,,27.7225502,77.4999378,
1712,,,27.7158367,77.3843342,
1713,,,27.716291,77.384725,
1714,,,27.485683,77.5239266,
1715,,,27.464386,77.705095,
1716,,,27.426323,77.833551,
1717,,,27.351312,77.858788,
1718,,,27.4916973,77.4699407,
1719,,,27.84602,77.646824,
1720,,,27.7677781,77.7218862,
1721,,,27.6307171,77.7136068,
1722,,,27.6314274,77.8069758,
1723,,,27.549723,77.785158,
1724,,,27.5533034,77.8404555,
1725,,,27.3045768,77.7726625,
1726,,,27.323786,77.758157,
1727,,,27.5054358,77.4857973,
1728,,,27.7206621,77.5056668,
1729,,,27.5497254,77.6018102,
1730,,,27.4607761,77.7300307,
1731,,,27.6358777,77.7121422,
1732,,,26.2462725,83.4609774,
1733,,,26.1454675,83.6320201,
1734,,,26.104241,83.543643,
1735,,,26.02277,83.570118,
1736,,,26.02582,83.613538,
1737,,,26.265386,83.510399,
1738,,,26.2206338,83.4830939,
1739,,,25.8701278,83.4093537,
1740,,,25.8595456,83.4685426,
1741,,,25.9091455,83.5529383,
1742,,,25.9155531,83.4229031,
1743,,,26.106339,83.665094,
1744,,,26.167021,83.677854,
1745,,,26.166931,83.449825,
1746,,,26.04876,83.421618,
1747,,,25.9391382,83.7400716,
1748,,,25.96911,83.77848,
1749,,,25.943258,83.403194,
1750,,,26.0278423,83.3728277,
1751,,,25.9165933,83.5554418,
1752,,,26.18812,83.6177268,
1753,,,26.0610057,83.6525267,
1754,,,29.1175802,77.7972643,
1755,,,29.112519,77.877185,
1756,,,29.1107787,77.8686794,
1757,,,29.120859,77.71483,
1758,,,29.1752163,77.6504153,
1759,,,29.1446,77.608685,
1760,,,29.136066,77.567172,
1761,,,29.1431744,77.5193261,
1762,,,28.9678744,77.6101173,
1763,,,28.9634009,77.5611017,
1764,,,28.8868695,77.5896918,
1765,,,28.882665,77.741863,
1766,,,28.8305162,77.7444238,
1767,,,28.8562226,77.7921598,
1768,,,28.907476,77.846455,
1769,,,28.895075,77.8906064,
1770,,,28.9783005,77.9179933,
1771,,,29.038868,77.929343,
1772,,,29.131365,77.986419,
1773,,,29.1569978,77.9968323,
1774,,,29.037706,77.543307,
1775,,,29.0157105,77.4815918,
1776,,,28.955498,77.7468664,
1777,,,28.9600106,77.767879,
1778,,,29.1062268,77.9236573,
1779,,,28.9871068,77.6977428,
1780,,,28.9822502,77.7307386,
1781,,,29.1340145,77.628214,
1782,,,29.1079758,77.964662,
1783,,,25.216195,82.59033,
1784,,,25.124003,82.54802,
1785,,,25.087038,82.735466,
1786,,,25.193622,82.676088,
1787,,,24.871687,82.838552,
1788,,,25.0365833,82.5458375,
1789,,,25.161497,82.549375,
1790,,,25.1269593,82.3921976,
1791,,,25.212026,82.733347,
1792,,,25.228958,82.528704,
1793,,,25.1323108,82.8608508,
1794,,,24.9244904,82.5848657,
1795,,,25.032413,82.751739,
1796,,,25.2413895,82.4091101,
1797,,,25.241113,82.79922,
1798,,,25.134534,82.909715,
1799,,,25.2000592,82.9017436,
1800,,,24.8595388,82.3121022,
1801,,,24.750902,82.336953,
1802,,,24.8980747,82.6864533,
1803,,,25.0075372,83.0349395,
1804,,,25.197817,82.982353,
1805,,,24.891843,82.4199903,
1806,,,25.151469,83.094775,
1807,,,24.9450709,82.6610666,
1808,,,25.1433449,82.6506228,
1809,,,25.0088501,82.3621227,
1810,,,25.1322624,82.8881382,
1811,,,25.1961798,82.7693624,
1812,,,24.9051257,82.1875196,
1813,,,28.792153,78.681483,
1814,,,28.962179,78.642335,
1815,,,28.942512,78.544506,
1816,,,29.0442289,78.7513204,
1817,,,29.049634,78.788931,
1818,,,29.091701,78.733572,
1819,,,29.0578326,78.886783,
1820,,,28.926101,78.846459,
1821,,,28.865073,78.852064,
1822,,,28.801003,78.936038,
1823,,,28.793643,78.944539,
1824,,,28.6947659,78.8426409,
1825,,,28.672897,78.8162,
1826,,,28.605701,78.881028,
1827,,,28.609545,78.797571,
1828,,,29.190923,78.822721,
1829,,,29.0664812,78.5151161,
1830,,,28.8652467,78.7435286,
1831,,,28.6005723,78.8014794,
1832,,,28.6366366,78.8151969,
1833,,,29.1918459,78.8535393,
1834,,,28.787129,78.861276,
1835,,,29.4603456,77.495768,
1836,,,29.471282,77.564257,
1837,,,29.468434,77.8123,
1838,,,29.5313,77.775928,
1839,,,29.2887147,77.4676352,
1840,,,29.2556971,77.4767597,
1841,,,29.2124042,77.5130382,
1842,,,29.576637,77.601598,
1843,,,29.4876637,77.648438,
1844,,,29.545915,77.584454,
1845,,,29.57832,77.5147568,
1846,,,29.2733678,77.9780863,
1847,,,29.2341132,77.8681098,
1848,,,29.2149779,77.7620758,
1849,,,29.5106104,77.8847369,
1850,,,29.4253131,77.8452918,
1851,,,29.47385,77.9892218,
1852,,,29.6494796,77.8306483,
1853,,,29.594225,77.7434567,
1854,,,29.4636662,77.6323799,
1855,,,29.3926658,77.6651913,
1856,,,29.328163,77.505236,
1857,,,29.6362862,77.925402,
1858,,,29.385292,77.585046,
1859,,,29.529375,77.474579,
1860,,,29.409325,77.59006,
1861,,,29.344252,77.899241,
1862,,,29.356058,77.828031,
1863,,,29.304803,77.729484,
1864,,,29.312943,77.788644,
1865,,,29.48519,77.934108,
1866,,,29.560037,77.8498914,
1867,,,29.360116,77.669962,
1868,,,29.403837,77.691349,
1869,,,29.346483,77.380137,
1870,,,29.388485,77.450643,
1871,,,29.4631484,77.7056101,
1872,,,29.3363022,77.844645,
1873,,,29.290063,77.4644429,
1874,,,29.2787903,77.7390042,
1875,,,29.2819446,77.6906751,
1876,,,28.5778764,79.8510624,
1877,,,28.5364337,79.9247271,
1878,,,28.4780842,79.8068985,
1879,,,28.5985373,79.8055033,
1880,,,28.2458119,79.9386014,
1881,,,28.2863622,79.8119069,
1882,,,28.4546198,79.8046824,
1883,,,28.5355331,79.7503302,
1884,,,28.6583984,79.6966286,
1885,,,28.6306393,79.7651111,
1886,,,28.6451369,79.7249581,
1887,,,28.763878,79.760894,
1888,,,28.7892503,79.8678406,
1889,,,28.725078,79.849173,
1890,,,28.7095617,79.8670315,
1891,,,28.699016,79.6939328,
1892,,,28.297587,79.855477,
1893,,,28.370566,80.072084,
1894,,,28.345118,80.11333,
1895,,,28.404099,80.103392,
1896,,,28.805321,80.100257,
1897,,,28.618247,80.125782,
1898,,,28.512979,80.187597,
1899,,,28.561857,80.02395,
1900,,,28.443041,79.872927,
1901,,,28.3828139,79.7977734,
1902,,,28.5092184,80.1481382,
1903,,,28.6157941,80.0797213,
1904,,,28.4990393,80.4287671,
1905,,,28.485219,79.9714956,
1906,,,28.8235069,80.0737391,
1907,,,28.2629743,79.8833767,
1908,,,28.2859774,79.7952819,
1909,,,28.37624,79.9270701,
1910,,,28.6439949,79.8006337,
1911,,,28.7988421,79.7718787,
1912,,,28.5961075,79.8810598,
1913,,,28.5913236,79.9027549,
1914,,,28.7392352,79.8191095,
1915,,,28.2574098,79.9420612,
1916,,,28.5316916,79.8303608,
1917,,,25.7596136,81.6973101,
1918,,,25.6870862,81.6483276,
1919,,,26.0436917,82.0195884,
1920,,,26.0168018,81.853906,
1921,,,25.8013354,81.8523268,
1922,,,25.8416048,81.8443954,
1923,,,25.9714382,82.3151891,
1924,,,25.93892,82.0753118,
1925,,,25.8956608,81.7568493,
1926,,,25.9341935,81.7056778,
1927,,,25.746009,82.105501,
1928,,,25.809853,81.372422,
1929,,,25.81232,81.400925,
1930,,,25.8598379,81.5912006,
1931,,,25.861411,82.2735192,
1932,,,25.852062,81.555977,
1933,,,25.845897,81.547403,
1934,,,25.845851,82.220037,
1935,,,25.923357,82.291731,
1936,,,25.825052,82.081906,
1937,,,25.894765,81.983463,
1938,,,25.735353,81.520833,
1939,,,25.919868,81.541278,
1940,,,25.963076,82.010103,
1941,,,25.90722,82.0972384,
1942,,,25.9524245,81.8701027,
1943,,,25.8173133,82.0779337,
1944,,,26.027215,81.887167,
1945,,,26.008069,82.027881,
1946,,,25.984443,81.712297,
1947,,,26.057268,81.663021,
1948,,,25.76001,81.462688,
1949,,,25.933678,81.659963,
1950,,,25.963033,82.010107,
1951,,,25.9235382,82.1997771,
1952,,,25.78799,80.014977,
1953,,,25.917746,81.700648,
1954,,,25.9240113,81.9815755,
1955,,,25.7216447,81.5105532,
1956,,,25.2884206,81.9306102,
1957,,,25.2287143,81.9394304,
1958,,,25.1932686,81.7396488,
1959,,,25.1911081,81.6095736,
1960,,,25.288521,81.6374341,
1961,,,25.1953328,82.1266067,
1962,,,25.004033,82.254765,
1963,,,25.105984,82.252606,
1964,,,25.285036,82.131115,
1965,,,25.2707386,81.8855166,
1966,,,25.2127936,81.8271667,
1967,,,25.1944962,81.8108232,
1968,,,25.2838129,81.7858863,
1969,,,25.3046628,81.8980289,
1970,,,25.3094591,81.8662112,
1971,,,25.3876504,81.9880633,
1972,,,25.3886056,81.9465574,
1973,,,25.4358398,82.0069151,
1974,,,25.4177806,82.0408607,
1975,,,25.3722595,82.1133179,
1976,,,25.4210093,82.269296,
1977,,,25.3343404,82.2678882,
1978,,,25.4939745,82.075507,
1979,,,25.6075009,82.0881746,
1980,,,25.540753,82.116947,
1981,,,25.5312794,82.0295325,
1982,,,25.496149,82.0064616,
1983,,,25.1499808,82.1538389,
1984,,,25.1442299,82.0987896,
1985,,,24.9995179,82.0610248,
1986,,,25.0341774,81.8226257,
1987,,,25.6079729,81.8500998,
1988,,,25.7188994,81.8673559,
1989,,,25.6931874,81.9054057,
1990,,,25.6219919,81.7979164,
1991,,,25.6358751,81.7812927,
1992,,,25.3613811,82.1863712,
1993,,,25.448712,82.297138,
1994,,,25.5631361,82.1711084,
1995,,,25.5271425,82.1265553,
1996,,,25.6157742,81.9998902,
1997,,,25.7060124,81.9802376,
1998,,,25.4230475,81.6895966,
1999,,,25.3996636,81.7005737,
2000,,,25.559097,81.7272922,
2001,,,25.553895,81.756071,
2002,,,25.6351196,81.7433608,
2003,,,25.58054,81.873532,
2004,,,25.5875283,81.6440628,
2005,,,25.3604747,82.1995906,
2006,,,25.5546333,82.0541484,
2007,,,25.531872,82.108385,
2008,,,25.4594921,81.8706951,
2009,,,25.6094174,81.8438636,
2010,,,25.2517666,81.7125683,
2011,,,25.1402354,82.1094314,
2012,,,25.7020359,81.9222324,
2013,,,25.2902405,81.9303199,
2014,,,24.977937,82.077831,
2015,,,26.0621333,80.9217551,
2016,,,26.1387617,80.8977618,
2017,,,26.0519967,80.8519868,
2018,,,26.101389,80.761492,
2019,,,26.239881,80.88361,
2020,,,26.3400133,80.8306801,
2021,,,26.45359,81.368247,
2022,,,26.474559,81.309167,
2023,,,26.4804893,81.2727515,
2024,,,26.5427537,81.2227038,
2025,,,26.488359,81.299062,
2026,,,26.4722189,81.2395225,
2027,,,26.5468678,81.1163012,
2028,,,26.466143,81.084652,
2029,,,26.4564136,81.1467401,
2030,,,26.128614,81.417716,
2031,,,26.079348,81.505994,
2032,,,26.2097483,81.4123472,
2033,,,26.1606523,81.5184248,
2034,,,26.213082,81.511918,
2035,,,26.0449284,81.3494518,
2036,,,25.9359894,81.4285187,
2037,,,26.1783848,81.5715333,
2038,,,25.969445,81.4668068,
2039,,,25.892537,81.262819,
2040,,,25.9778367,81.2790434,
2041,,,25.870149,81.310164,
2042,,,26.051918,81.269676,
2043,,,26.038635,81.267197,
2044,,,26.055093,81.333899,
2045,,,26.0191854,81.220409,
2046,,,25.9639707,81.3903378,
2047,,,25.936835,81.372851,
2048,,,26.07344,81.379723,
2049,,,26.0232255,81.132655,
2050,,,26.0665485,81.213721,
2051,,,26.049297,81.175819,
2052,,,26.14106,81.1186401,
2053,,,26.173195,81.017187,
2054,,,26.3453396,81.1585324,
2055,,,26.3867168,81.1188953,
2056,,,26.3298331,81.1503656,
2057,,,26.1554717,81.2742701,
2058,,,26.2461905,81.2888305,
2059,,,26.1365281,81.2293828,
2060,,,26.2296717,81.3396734,
2061,,,26.3145978,81.3591106,
2062,,,26.290974,81.238381,
2063,,,26.188521,81.14878,
2064,,,26.2705023,81.0904297,
2065,,,26.295725,81.0187134,
2066,,,26.280528,80.926257,
2067,,,26.1539786,80.824653,
2068,,,26.1941416,81.1080533,
2069,,,26.4705964,81.0133972,
2070,,,26.0681107,81.0336883,
2071,,,26.1836994,80.9740441,
2072,,,26.2122171,81.2467559,
2073,,,25.9296275,81.2884304,
2074,,,26.3851429,81.2730837,
2075,,,26.022418,81.456638,
2076,,,28.989653,79.0608,
2077,,,28.867265,79.043848,
2078,,,28.990991,78.9540785,
2079,,,29.041218,79.097941,
2080,,,28.8828829,79.2627317,
2081,,,28.769908,79.114811,
2082,,,28.8288288,79.2421034,
2083,,,28.7567568,79.0845744,
2084,,,28.678669,79.117983,
2085,,,28.753301,79.122276,
2086,,,28.558953,79.002448,
2087,,,28.5405405,78.9832244,
2088,,,28.8219938,79.0319147,
2089,,,28.9879969,78.941947,
2090,,,28.9268775,79.286272,
2091,,,28.6049798,79.0828055,
2092,,,28.5923623,79.2011585,
2093,,,29.0565864,79.0654676,
2094,,,29.8888685,77.5304854,
2095,,,30.007985,77.4215834,
2096,,,29.9980538,77.3788302,
2097,,,29.91212,77.341053,
2098,,,29.7843403,77.2570623,
2099,,,29.82694,77.232793,
2100,,,29.882916,77.32849,
2101,,,29.856875,77.624432,
2102,,,29.794158,77.663676,
2103,,,29.67187,77.712973,
2104,,,29.7198274,77.6138579,
2105,,,29.9819966,77.5777037,
2106,,,30.036657,77.628366,
2107,,,30.1223253,77.7127503,
2108,,,30.2010113,77.5743777,
2109,,,30.205431,77.599377,
2110,,,30.189796,77.673694,
2111,,,29.888644,77.532583,
2112,,,29.7781716,77.5120674,
2113,,,29.6404492,77.5629116,
2114,,,29.8981192,77.4401196,
2115,,,29.713348,77.43513,
2116,,,29.953968,77.488739,
2117,,,29.9225741,77.6850651,
2118,,,29.997192,77.679314,
2119,,,30.2596316,77.6235962,
2120,,,29.6689738,77.6813924,
2121,,,29.8056093,77.4526141,
2122,,,29.9536982,77.5291288,
2123,,,29.9483899,77.5458631,
2124,,,28.455426,78.839923,
2125,,,28.465429,78.754766,
2126,,,28.429932,78.65035,
2127,,,28.401526,78.634749,
2128,,,28.478363,78.585436,
2129,,,28.29694,78.398969,
2130,,,28.3407,78.385491,
2131,,,28.260968,78.409849,
2132,,,28.229007,78.492199,
2133,,,28.1981982,78.4834502,
2134,,,28.272138,78.634315,
2135,,,28.596542,78.579748,
2136,,,28.689118,78.538852,
2137,,,28.60767,78.673584,
2138,,,28.490698,78.496152,
2139,,,28.779758,78.578677,
2140,,,28.4598399,78.7920592,
2141,,,28.2336682,78.4397786,
2142,,,28.7623282,78.5290945,
2143,,,26.767858,83.096686,
2144,,,26.774292,83.059785,
2145,,,26.875468,83.085099,
2146,,,26.998408,83.043282,
2147,,,27.0421678,83.1147346,
2148,,,26.973105,83.020878,
2149,,,26.8647566,82.8475644,
2150,,,26.84906,82.998638,
2151,,,26.6573793,82.9522793,
2152,,,26.6382107,83.0259998,
2153,,,26.583417,82.987939,
2154,,,26.572939,82.931243,
2155,,,26.5036887,83.0061316,
2156,,,26.5453662,83.0441739,
2157,,,26.8837,82.9093184,
2158,,,26.9614067,82.9640468,
2159,,,26.9672283,83.0982001,
2160,,,26.9498609,83.1878427,
2161,,,26.7904918,83.0698488,
2162,,,26.967215,83.0949322,
2163,,,26.551468,83.007242,
2164,,,27.8370226,79.8688032,
2165,,,27.9514509,79.8897116,
2166,,,27.798113,79.79869,
2167,,,27.866062,79.739319,
2168,,,28.066862,80.098654,
2169,,,28.0726946,80.0320749,
2170,,,27.66807,79.5388168,
2171,,,27.671165,79.5453784,
2172,,,27.703957,79.444052,
2173,,,27.8397899,79.9169838,
2174,,,27.9177437,79.9575801,
2175,,,28.294992,80.047013,
2176,,,28.243038,80.106555,
2177,,,28.2315317,80.2770918,
2178,,,27.7301567,79.4433817,
2179,,,27.9629003,79.7277912,
2180,,,27.9798183,79.6751001,
2181,,,27.868075,79.677278,
2182,,,27.922816,79.671083,
2183,,,27.9941133,79.5680351,
2184,,,28.0100283,79.5724934,
2185,,,27.7223565,79.6628414,
2186,,,28.1430273,79.7076909,
2187,,,28.1029334,79.7088901,
2188,,,28.1346417,79.8586584,
2189,,,28.1025106,79.8627245,
2190,,,27.9709728,79.9721982,
2191,,,27.9142609,79.9958638,
2192,,,28.2087917,80.2664751,
2193,,,27.6834533,79.6525668,
2194,,,27.7230227,79.6529947,
2195,,,27.9438173,79.7114827,
2196,,,28.0661932,80.0885764,
2197,,,27.6733728,79.5278747,
2198,,,27.8180768,79.9160802,
2199,,,29.5913627,77.4233317,
2200,,,29.556226,77.179351,
2201,,,29.3762176,77.1965266,
2202,,,29.501131,77.20984,
2203,,,29.50619,77.145049,
2204,,,29.627495,77.372099,
2205,,,29.6033296,77.2820846,
2206,,,29.323881,77.267505,
2207,,,29.4674111,77.3515015,
2208,,,29.4268541,77.3972851,
2209,,,29.4907227,77.3104474,
2210,,,29.5504246,77.2310444,
2211,,,29.383215,77.289451,
2212,,,27.531671,81.888449,
2213,,,27.5073766,82.0277753,
2214,,,27.597465,81.778272,
2215,,,27.639522,81.710574,
2216,,,27.678668,81.798789,
2217,,,27.7450516,81.8221638,
2218,,,27.7851988,81.8386175,
2219,,,27.823322,81.7697319,
2220,,,27.841861,81.741383,
2221,,,27.8402472,82.0106524,
2222,,,27.79918,82.090071,
2223,,,27.6337562,81.9445426,
2224,,,27.540034,81.966607,
2225,,,27.821091,82.059952,
2226,,,27.736866,81.734041,
2227,,,27.8176591,81.7661774,
2228,,,27.7081985,81.906617,
2229,,,27.5241086,81.9766865,
2230,,,27.3604189,82.9971113,
2231,,,27.449345,82.7986118,
2232,,,27.4884533,82.7745151,
2233,,,27.195474,83.11556,
2234,,,27.364465,83.0972976,
2235,,,27.3307261,83.0702173,
2236,,,27.259806,83.1509604,
2237,,,27.203097,83.049059,
2238,,,27.25249,83.008342,
2239,,,27.295669,82.975525,
2240,,,27.07332,82.9843384,
2241,,,27.17243,82.9270625,
2242,,,27.165582,82.918245,
2243,,,27.1700884,82.8948218,
2244,,,27.27261,82.9825201,
2245,,,27.247546,82.89821,
2246,,,27.3363882,82.8394601,
2247,,,27.2791468,82.7541301,
2248,,,27.322122,82.694148,
2249,,,27.332513,82.696435,
2250,,,27.2634661,82.6427944,
2251,,,27.285347,82.529576,
2252,,,27.194544,82.652409,
2253,,,27.134991,82.750174,
2254,,,27.32308,83.048723,
2255,,,27.266787,83.200758,
2256,,,27.289144,83.241898,
2257,,,27.2794546,83.0810426,
2258,,,27.4060011,82.952747,
2259,,,27.1960362,82.6463121,
2260,,,27.3347039,82.6923111,
2261,,,27.1742646,82.9271313,
2262,,,27.6093021,80.6425259,
2263,,,27.3827875,80.8146048,
2264,,,27.4405633,80.8422801,
2265,,,27.3551518,80.7563138,
2266,,,27.300115,80.750778,
2267,,,27.5224868,80.8246621,
2268,,,27.4539133,80.6633684,
2269,,,27.34801,80.5489118,
2270,,,27.4787484,80.5342946,
2271,,,27.3684467,80.7114834,
2272,,,27.512034,80.889059,
2273,,,27.5927743,81.1326749,
2274,,,27.5607881,81.3032686,
2275,,,27.1186733,80.8092234,
2276,,,27.442322,80.610886,
2277,,,27.393638,80.575903,
2278,,,27.366243,80.474622,
2279,,,27.347828,80.657036,
2280,,,27.5628282,80.8803012,
2281,,,27.577122,80.950958,
2282,,,27.541292,81.1347304,
2283,,,27.6483279,81.1525734,
2284,,,27.3448217,80.8428384,
2285,,,27.7352892,81.0087902,
2286,,,27.1259236,80.8418173,
2287,,,27.292444,81.087363,
2288,,,27.3434967,81.0962834,
2289,,,27.75334,80.9184834,
2290,,,27.524055,80.75374,
2291,,,27.7814448,80.7461823,
2292,,,27.8078882,80.7101328,
2293,,,27.5089889,81.1573096,
2294,,,27.4779584,81.1947354,
2295,,,27.370734,81.254428,
2296,,,27.2320897,81.0637911,
2297,,,27.314018,80.886209,
2298,,,27.7566642,80.6467329,
2299,,,27.739501,81.123266,
2300,,,27.4207383,81.1778906,
2301,,,27.3735937,81.0536702,
2302,,,27.5333963,80.962535,
2303,,,27.265206,81.139947,
2304,,,27.3243703,81.2349158,
2305,,,27.364075,81.3429651,
2306,,,27.7910433,80.6637482,
2307,,,27.5848425,80.5473897,
2308,,,27.6447049,80.4925102,
2309,,,27.779076,80.530196,
2310,,,27.5842567,80.6208834,
2311,,,27.5556433,80.4947351,
2312,,,27.57472,80.7238001,
2313,,,27.525078,80.800423,
2314,,,27.610907,80.854688,
2315,,,27.7037217,80.8486101,
2316,,,27.6080037,80.9493232,
2317,,,27.587535,80.3982684,
2318,,,27.8436341,80.9456548,
2319,,,27.532531,80.584672,
2320,,,27.4398831,80.5338205,
2321,,,27.27677,80.8387551,
2322,,,27.460866,80.979794,
2323,,,27.7094053,80.8869291,
2324,,,26.9461443,80.9788187,
2325,,,27.297773,81.120525,
2326,,,24.6666613,83.1624845,
2327,,,24.665547,83.04899,
2328,,,23.948678,83.021068,
2329,,,23.95093,83.077064,
2330,,,24.23282,83.042464,
2331,,,24.647483,83.053106,
2332,,,24.7284274,82.6527664,
2333,,,24.7497125,82.8411668,
2334,,,24.780686,82.897273,
2335,,,27.4287581,82.1688715,
2336,,,24.665573,83.139168,
2337,,,24.8646521,82.9896141,
2338,,,24.4584,83.050239,
2339,,,24.523604,83.024791,
2340,,,24.513598,83.024789,
2341,,,24.636341,83.089514,
2342,,,24.470792,82.995472,
2343,,,24.3473725,83.3714779,
2344,,,24.4391045,83.3375563,
2345,,,24.2389102,83.2796575,
2346,,,24.2141175,83.2535337,
2347,,,24.5170586,83.0217708,
2348,,,24.1975746,83.0205821,
2349,,,24.2080742,82.7721054,
2350,,,24.0518307,83.1276687,
2351,,,24.13678,83.053901,
2352,,,24.6858671,83.0699747,
2353,,,24.7485314,82.78625,
2354,,,24.211305,83.2362368,
2355,,,24.4656982,82.9953394,
2356,,,26.460865,82.01403,
2357,,,26.442283,82.034544,
2358,,,26.408821,82.124415,
2359,,,26.498453,81.8372318,
2360,,,26.402954,82.179841,
2361,,,26.242303,82.275508,
2362,,,26.2477557,82.2988999,
2363,,,26.137666,82.3537681,
2364,,,26.1121688,82.4323251,
2365,,,26.0453199,82.4244786,
2366,,,26.0247318,82.4767148,
2367,,,26.2051699,82.132915,
2368,,,26.5150005,81.794334,
2369,,,26.3367049,81.9912973,
2370,,,26.3207601,81.9885834,
2371,,,26.146179,82.184174,
2372,,,26.095916,82.208463,
2373,,,26.280694,82.246285,
2374,,,26.324001,82.329738,
2375,,,26.282246,82.450249,
2376,,,26.270141,82.466316,
2377,,,26.201671,82.580103,
2378,,,26.164409,82.506904,
2379,,,26.079843,82.308229,
2380,,,26.0410417,82.3860984,
2381,,,26.1292567,82.0853518,
2382,,,26.297993,82.002251,
2383,,,26.2389133,82.0335494,
2384,,,26.4716058,81.895781,
2385,,,26.17255,82.378476,
2386,,,26.1375568,82.2049279,
2387,,,26.2597182,82.2288433,
2388,,,26.2652424,82.0679926,
2389,,,26.5750556,80.8429722,
2390,,,26.8805278,80.5910556,
2391,,,26.966255,80.165527,
2392,,,26.901399,80.336401,
2393,,,26.8276944,80.1658611,
2394,,,26.564588,80.436173,
2395,,,26.4918333,80.6640833,
2396,,,26.3513889,80.6650556,
2397,,,26.23175,80.6908333,
2398,,,26.30568,80.77808,
2399,,,26.456892,80.946412,
2400,,,26.54375,80.3959722,
2401,,,26.6465278,80.4210278,
2402,,,26.7945833,80.2717222,
2403,,,26.8179722,80.3279722,
2404,,,26.9494722,80.2471389,
2405,,,26.85309,80.590883,
2406,,,26.779567,80.625213,
2407,,,26.9068889,80.5043056,
2408,,,26.7723611,80.6313889,
2409,,,26.75885,80.683576,
2410,,,26.8012778,80.8450278,
2411,,,26.71775,80.448,
2412,,,26.624343,80.697433,
2413,,,26.4466389,80.7260278,
2414,,,26.4593056,80.8781389,
2415,,,26.4708333,80.7143333,
2416,,,26.710616,80.334036,
2417,,,26.739425,80.350133,
2418,,,26.429324,80.521141,
2419,,,26.4595278,80.941,
2420,,,26.1610833,80.6787778,
2421,,,26.8975236,80.2211276,
2422,,,26.6940097,80.5467265,
2423,,,26.4620183,80.7614518,
2424,,,26.5714259,80.4940531,
2425,,,26.66739,80.3191851,
2426,,,26.281356,80.806792,
2427,,,25.230916,82.835997,
2428,,,25.420195,82.780682,
2429,,,25.423502,82.779512,
2430,,,25.406592,83.067391,
2431,,,25.437784,83.060573,
2432,,,25.502481,82.997844,
2433,,,25.45021,83.042347,
2434,,,25.399148,82.976916,
2435,,,25.399908,82.935172,
2436,,,25.215828,82.905986,
2437,,,25.23721,82.93422,
2438,,,25.4657775,82.8845581,
2439,,,25.519944,82.837659,
2440,,,25.281366,82.858304,
2441,,,25.3663238,82.7450295,
2442,,,25.3757803,82.7578625,
2443,,,25.2961992,82.8819259,
2444,,,25.2647333,82.8600697,
2445,,,25.4327034,82.8254201,
2446,,,25.5001249,82.8125377,
2447,,,25.460099,83.0904999,
2448,,,25.4932662,83.0459715,
2449,,,25.543587,83.0057292,
2450,,,25.3370183,82.9089534,